{
  "timestamp": "20260308_031114",
  "best_model": "GNN_Teacher",
  "model_type": "GNN_graph_based_KD",
  "kd_type": "graph_based",
  "teacher_path": "gnn_output/gnn_teacher_20260308_031114.keras",
  "student_path": "gnn_output/gnn_student_20260308_031114.keras",
  "scaler_path": "gnn_output/gnn_scaler_20260308_031114.pkl",
  "graph_info_path": "gnn_output/gnn_graph_info_20260308_031114.json",
  "threshold": 0.3616686761379242,
  "auc": 0.9526612705420653,
  "precision": 0.5384615384615384,
  "recall": 0.9722222222222222,
  "f2": 0.8373205741358942,
  "feature_cols": [
    "speed",
    "vehicle_count",
    "occupancy",
    "density",
    "flow",
    "edge_length",
    "num_lanes",
    "speed_variance",
    "avg_acceleration",
    "sudden_braking_count",
    "queue_length",
    "accident_frequency",
    "emergency_vehicles",
    "reroute_activity",
    "is_rush_hour",
    "time_of_day",
    "delta_speed_1",
    "delta_speed_3",
    "rolling_speed_std_5",
    "speed_drop_flag",
    "delta_density",
    "rolling_density_mean_5",
    "density_acceleration",
    "hard_brake_ratio",
    "ttc_estimate",
    "queue_pressure",
    "instability_score"
  ],
  "sage_hops": 1,
  "alpha_response": 0.4,
  "alpha_feature": 0.4,
  "alpha_hard": 0.2,
  "all_results": {
    "GNN_Teacher": {
      "name": "GNN Teacher (3-hop GraphSAGE + MLP)",
      "auc": 0.9526612705420653,
      "precision": 0.5384615384615384,
      "recall": 0.9722222222222222,
      "f1": 0.693069306930693,
      "f2": 0.8373205741358942,
      "threshold": 0.3616686761379242,
      "tn": 423,
      "fp": 30,
      "fn": 1,
      "tp": 35
    },
    "GNN_Student": {
      "name": "GNN Student (1-hop + graph-based KD)",
      "auc": 0.9673166544027472,
      "precision": 0.532258064516129,
      "recall": 0.9166666666666666,
      "f1": 0.673469387755102,
      "f2": 0.8009708737601093,
      "threshold": 0.32402607798576355,
      "tn": 424,
      "fp": 29,
      "fn": 3,
      "tp": 33
    },
    "ML_Student_P4": {
      "name": "ML Student (Phase 4)",
      "auc": 0.9675660707493344,
      "precision": 0.5678163056614298,
      "recall": 0.8884363636363637,
      "f2": 0.7982852810997585
    }
  }
}