{
  "dataset": "pNEUMA",
  "timestamp": "20260318_201628",
  "all_results": {
    "ML_P4": {
      "name": "RF Student KD (pNEUMA)",
      "auc": 0.8752089149466411,
      "recall": 0.888004246284501,
      "precision": 0.3396264717823792,
      "f1": 0.49133627019089576
    },
    "TGNN_Teacher": {
      "name": "T-GNN Teacher (pNEUMA)",
      "auc": 0.8872100973604996,
      "recall": 0.9002123142250531,
      "precision": 0.34768347683476836,
      "f1": 0.5016267376515824
    },
    "TGNN_Student": {
      "name": "T-GNN Student KD (pNEUMA)",
      "auc": 0.8856218225740866,
      "recall": 0.8911889596602972,
      "precision": 0.35399536158549444,
      "f1": 0.5067149539761582
    }
  }
}